id,client_id,client_start_date
1,167072,2017-10-28T00:00:00.000Z
2,177094,2018-02-15T00:00:00.000Z
3,145974,2017-02-05T00:00:00.000Z
4,186332,2018-05-02T00:00:00.000Z
5,130238,2016-08-27T00:00:00.000Z
6,217278,2019-10-01T00:00:00.000Z
7,184980,2018-04-20T00:00:00.000Z
8,157948,2017-07-20T00:00:00.000Z
9,216630,2019-09-17T00:00:00.000Z
10,169018,2017-11-17T00:00:00.000Z
11,221328,2019-12-05T00:00:00.000Z
12,157062,2017-07-06T00:00:00.000Z
13,191476,2018-06-28T00:00:00.000Z
14,181514,2018-03-21T00:00:00.000Z
15,190614,2018-06-20T00:00:00.000Z
16,219890,2019-11-07T00:00:00.000Z
17,122512,2016-06-05T00:00:00.000Z
18,175316,2018-02-02T00:00:00.000Z
19,124054,2016-06-24T00:00:00.000Z
20,153632,2017-05-24T00:00:00.000Z
21,217182,2019-09-27T00:00:00.000Z
22,190574,2018-06-20T00:00:00.000Z
23,200330,2018-11-03T00:00:00.000Z
24,202834,2018-12-14T00:00:00.000Z
25,135070,2016-10-19T00:00:00.000Z
26,166808,2017-10-27T00:00:00.000Z
27,128704,2016-08-11T00:00:00.000Z
28,126396,2016-07-20T00:00:00.000Z
29,216830,2019-09-20T00:00:00.000Z
30,194400,2018-08-02T00:00:00.000Z
31,217230,2019-09-28T00:00:00.000Z
32,177160,2018-02-16T00:00:00.000Z
33,179186,2018-03-06T00:00:00.000Z
34,185220,2018-04-21T00:00:00.000Z
35,194746,2018-08-08T00:00:00.000Z
36,135072,2016-10-19T00:00:00.000Z
37,180322,2018-03-14T00:00:00.000Z
38,173676,2018-01-13T00:00:00.000Z
39,122838,2016-06-09T00:00:00.000Z
40,129738,2016-08-24T00:00:00.000Z
41,155730,2017-06-16T00:00:00.000Z
42,122258,2016-06-03T00:00:00.000Z
43,125866,2016-07-14T00:00:00.000Z
44,182822,2018-04-04T00:00:00.000Z
45,123260,2016-06-15T00:00:00.000Z
46,182292,2018-03-29T00:00:00.000Z
47,190860,2018-06-22T00:00:00.000Z
48,182540,2018-03-30T00:00:00.000Z
49,125520,2016-07-10T00:00:00.000Z
50,208048,2019-03-23T00:00:00.000Z
51,126870,2016-07-23T00:00:00.000Z
52,153840,2017-05-26T00:00:00.000Z
53,157226,2017-07-08T00:00:00.000Z
54,165450,2017-10-13T00:00:00.000Z
55,162278,2017-09-06T00:00:00.000Z
56,122404,2016-06-04T00:00:00.000Z
57,122396,2016-06-04T00:00:00.000Z
58,132750,2016-09-25T00:00:00.000Z
59,147956,2017-03-04T00:00:00.000Z
60,182088,2018-03-27T00:00:00.000Z
61,125176,2016-07-07T00:00:00.000Z
62,158502,2017-07-27T00:00:00.000Z
63,150738,2017-04-11T00:00:00.000Z
64,149188,2017-03-21T00:00:00.000Z
65,123662,2016-06-19T00:00:00.000Z
66,184356,2018-04-17T00:00:00.000Z
67,213454,2019-07-10T00:00:00.000Z
68,127632,2016-07-30T00:00:00.000Z
69,141836,2016-12-22T00:00:00.000Z
70,128074,2016-08-04T00:00:00.000Z
71,133060,2016-09-29T00:00:00.000Z
72,126384,2016-07-20T00:00:00.000Z
73,135248,2016-10-20T00:00:00.000Z
74,175578,2018-02-06T00:00:00.000Z
75,189168,2018-06-01T00:00:00.000Z
76,126774,2016-07-23T00:00:00.000Z
77,165542,2017-10-13T00:00:00.000Z
78,128994,2016-08-14T00:00:00.000Z
79,153364,2017-05-20T00:00:00.000Z
80,146192,2017-02-09T00:00:00.000Z
81,177814,2018-02-21T00:00:00.000Z
82,125208,2016-07-07T00:00:00.000Z
83,129736,2016-08-24T00:00:00.000Z
84,130212,2016-08-27T00:00:00.000Z
85,173922,2018-01-17T00:00:00.000Z
86,189918,2018-06-09T00:00:00.000Z
87,172350,2017-12-19T00:00:00.000Z
88,163498,2017-09-20T00:00:00.000Z
89,185178,2018-04-21T00:00:00.000Z
90,130304,2016-08-27T00:00:00.000Z
91,149822,2017-03-30T00:00:00.000Z
92,135204,2016-10-20T00:00:00.000Z
93,197480,2018-09-19T00:00:00.000Z
94,193500,2018-07-19T00:00:00.000Z
95,132046,2016-09-17T00:00:00.000Z
96,169388,2017-11-21T00:00:00.000Z
97,132282,2016-09-21T00:00:00.000Z
98,156472,2017-06-28T00:00:00.000Z
99,161550,2017-08-30T00:00:00.000Z
100,133442,2016-10-01T00:00:00.000Z
101,150410,2017-04-06T00:00:00.000Z
102,163400,2017-09-19T00:00:00.000Z
103,165254,2017-10-11T00:00:00.000Z
104,154724,2017-06-02T00:00:00.000Z
105,126196,2016-07-17T00:00:00.000Z
106,179980,2018-03-13T00:00:00.000Z
107,161704,2017-08-31T00:00:00.000Z
108,157676,2017-07-15T00:00:00.000Z
109,132484,2016-09-22T00:00:00.000Z
110,160964,2017-08-24T00:00:00.000Z
111,135596,2016-10-22T00:00:00.000Z
112,146922,2017-02-18T00:00:00.000Z
113,128948,2016-08-13T00:00:00.000Z
114,142446,2017-01-11T00:00:00.000Z
115,137840,2016-11-16T00:00:00.000Z
116,137688,2016-11-13T00:00:00.000Z
117,175198,2018-02-01T00:00:00.000Z
118,137302,2016-11-10T00:00:00.000Z
119,138670,2016-11-23T00:00:00.000Z
120,171400,2017-12-08T00:00:00.000Z
121,185708,2018-04-25T00:00:00.000Z
122,188786,2018-05-26T00:00:00.000Z
123,136936,2016-11-06T00:00:00.000Z
124,157950,2017-07-20T00:00:00.000Z
125,136324,2016-10-29T00:00:00.000Z
126,158442,2017-07-27T00:00:00.000Z
127,173256,2018-01-09T00:00:00.000Z
128,153992,2017-05-27T00:00:00.000Z
129,159040,2017-08-03T00:00:00.000Z
130,174124,2018-01-19T00:00:00.000Z
131,171066,2017-12-06T00:00:00.000Z
132,161894,2017-09-01T00:00:00.000Z
133,165524,2017-10-13T00:00:00.000Z
134,190880,2018-06-22T00:00:00.000Z
135,148976,2017-03-18T00:00:00.000Z
136,187070,2018-05-11T00:00:00.000Z
137,145754,2017-02-03T00:00:00.000Z
138,185710,2018-04-25T00:00:00.000Z
139,174916,2018-01-30T00:00:00.000Z
140,124556,2016-07-01T00:00:00.000Z
141,141896,2016-12-23T00:00:00.000Z
142,181480,2018-03-21T00:00:00.000Z
143,148008,2017-03-04T00:00:00.000Z
144,173442,2018-01-11T00:00:00.000Z
145,180784,2018-03-16T00:00:00.000Z
146,145872,2017-02-04T00:00:00.000Z
147,188964,2018-05-30T00:00:00.000Z
148,175810,2018-02-06T00:00:00.000Z
149,144400,2017-01-26T00:00:00.000Z
150,169118,2017-11-18T00:00:00.000Z
151,186222,2018-05-02T00:00:00.000Z
152,122974,2016-06-10T00:00:00.000Z
153,146314,2017-02-10T00:00:00.000Z
154,170136,2017-11-28T00:00:00.000Z
155,162712,2017-09-09T00:00:00.000Z
156,127944,2016-08-03T00:00:00.000Z
157,137956,2016-11-17T00:00:00.000Z
158,178858,2018-03-03T00:00:00.000Z
159,145102,2017-01-28T00:00:00.000Z
160,164182,2017-09-28T00:00:00.000Z
161,130298,2016-08-27T00:00:00.000Z
162,160570,2017-08-18T00:00:00.000Z
163,185718,2018-04-25T00:00:00.000Z
164,160212,2017-08-16T00:00:00.000Z
165,167366,2017-11-01T00:00:00.000Z
166,179580,2018-03-09T00:00:00.000Z
167,185724,2018-04-25T00:00:00.000Z
168,182870,2018-04-04T00:00:00.000Z
169,133080,2016-09-29T00:00:00.000Z
170,188846,2018-05-29T00:00:00.000Z
171,150352,2017-04-06T00:00:00.000Z
172,167458,2017-11-02T00:00:00.000Z
173,170172,2017-11-28T00:00:00.000Z
174,188968,2018-05-30T00:00:00.000Z
175,216446,2019-09-12T00:00:00.000Z
176,176276,2018-02-09T00:00:00.000Z
177,152286,2017-04-29T00:00:00.000Z
178,182182,2018-03-28T00:00:00.000Z
179,178384,2018-03-01T00:00:00.000Z
180,152034,2017-04-27T00:00:00.000Z
181,151562,2017-04-21T00:00:00.000Z
182,167514,2017-11-02T00:00:00.000Z
183,151310,2017-04-18T00:00:00.000Z
184,152870,2017-05-13T00:00:00.000Z
185,136252,2016-10-29T00:00:00.000Z
186,183244,2018-04-06T00:00:00.000Z
187,190100,2018-06-14T00:00:00.000Z
188,152844,2017-05-12T00:00:00.000Z
189,169830,2017-11-24T00:00:00.000Z
190,208190,2019-03-27T00:00:00.000Z
191,189784,2018-06-08T00:00:00.000Z
192,151564,2017-04-21T00:00:00.000Z
193,204626,2019-01-26T00:00:00.000Z
194,131170,2016-09-07T00:00:00.000Z
195,173754,2018-01-16T00:00:00.000Z
196,182198,2018-03-28T00:00:00.000Z
197,160140,2017-08-15T00:00:00.000Z
198,167218,2017-10-31T00:00:00.000Z
199,164768,2017-10-05T00:00:00.000Z
200,128000,2016-08-04T00:00:00.000Z
201,179764,2018-03-10T00:00:00.000Z
202,179930,2018-03-13T00:00:00.000Z
203,175026,2018-01-31T00:00:00.000Z
204,155850,2017-06-20T00:00:00.000Z
205,154840,2017-06-03T00:00:00.000Z
206,171830,2017-12-13T00:00:00.000Z
207,179614,2018-03-09T00:00:00.000Z
208,194588,2018-08-04T00:00:00.000Z
209,176762,2018-02-14T00:00:00.000Z
210,156586,2017-06-29T00:00:00.000Z
211,162022,2017-09-02T00:00:00.000Z
212,129980,2016-08-26T00:00:00.000Z
213,161214,2017-08-26T00:00:00.000Z
214,203914,2019-01-17T00:00:00.000Z
215,212054,2019-06-08T00:00:00.000Z
216,155054,2017-06-07T00:00:00.000Z
217,184858,2018-04-19T00:00:00.000Z
218,122314,2016-06-03T00:00:00.000Z
219,162028,2017-09-02T00:00:00.000Z
220,218468,2019-10-22T00:00:00.000Z
221,182214,2018-03-28T00:00:00.000Z
222,168268,2017-11-10T00:00:00.000Z
223,170590,2017-12-01T00:00:00.000Z
224,170160,2017-11-28T00:00:00.000Z
225,171930,2017-12-14T00:00:00.000Z
226,157592,2017-07-14T00:00:00.000Z
227,157932,2017-07-20T00:00:00.000Z
228,190388,2018-06-16T00:00:00.000Z
229,159504,2017-08-09T00:00:00.000Z
230,167332,2017-11-01T00:00:00.000Z
231,179772,2018-03-10T00:00:00.000Z
232,157838,2017-07-19T00:00:00.000Z
233,157394,2017-07-12T00:00:00.000Z
234,174244,2018-01-20T00:00:00.000Z
235,193158,2018-07-16T00:00:00.000Z
236,134468,2016-10-12T00:00:00.000Z
237,159430,2017-08-08T00:00:00.000Z
238,159718,2017-08-11T00:00:00.000Z
239,212060,2019-06-08T00:00:00.000Z
240,183118,2018-04-05T00:00:00.000Z
241,159418,2017-08-08T00:00:00.000Z
242,170608,2017-12-01T00:00:00.000Z
243,143846,2017-01-20T00:00:00.000Z
244,196214,2018-08-31T00:00:00.000Z
245,197960,2018-09-27T00:00:00.000Z
246,168990,2017-11-17T00:00:00.000Z
247,170586,2017-12-01T00:00:00.000Z
248,194322,2018-08-01T00:00:00.000Z
249,176862,2018-02-15T00:00:00.000Z
250,124430,2016-06-30T00:00:00.000Z
251,138722,2016-11-24T00:00:00.000Z
252,135698,2016-10-23T00:00:00.000Z
253,161812,2017-09-01T00:00:00.000Z
254,160606,2017-08-19T00:00:00.000Z
255,166910,2017-10-27T00:00:00.000Z
256,164906,2017-10-07T00:00:00.000Z
257,184722,2018-04-19T00:00:00.000Z
258,160632,2017-08-19T00:00:00.000Z
259,161594,2017-08-30T00:00:00.000Z
260,163174,2017-09-15T00:00:00.000Z
261,169486,2017-11-22T00:00:00.000Z
262,194684,2018-08-07T00:00:00.000Z
263,168544,2017-11-14T00:00:00.000Z
264,169720,2017-11-23T00:00:00.000Z
265,175524,2018-02-06T00:00:00.000Z
266,173134,2017-12-29T00:00:00.000Z
267,176838,2018-02-15T00:00:00.000Z
268,161948,2017-09-02T00:00:00.000Z
269,205224,2019-02-06T00:00:00.000Z
270,167550,2017-11-02T00:00:00.000Z
271,159676,2017-08-11T00:00:00.000Z
272,224170,2020-02-21T00:00:00.000Z
273,158574,2017-07-28T00:00:00.000Z
274,162432,2017-09-07T00:00:00.000Z
275,202274,2018-12-05T00:00:00.000Z
276,167800,2017-11-07T00:00:00.000Z
277,165708,2017-10-17T00:00:00.000Z
278,168974,2017-11-17T00:00:00.000Z
279,160430,2017-08-17T00:00:00.000Z
280,163916,2017-09-26T00:00:00.000Z
281,180466,2018-03-15T00:00:00.000Z
282,163564,2017-09-20T00:00:00.000Z
283,161986,2017-09-02T00:00:00.000Z
284,195600,2018-08-22T00:00:00.000Z
285,190636,2018-06-20T00:00:00.000Z
286,149624,2017-03-28T00:00:00.000Z
287,222210,2019-12-28T00:00:00.000Z
288,163950,2017-09-26T00:00:00.000Z
289,176764,2018-02-14T00:00:00.000Z
290,190906,2018-06-22T00:00:00.000Z
291,164416,2017-09-30T00:00:00.000Z
292,168558,2017-11-14T00:00:00.000Z
293,163240,2017-09-16T00:00:00.000Z
294,163974,2017-09-26T00:00:00.000Z
295,163898,2017-09-24T00:00:00.000Z
296,190184,2018-06-14T00:00:00.000Z
297,164756,2017-10-05T00:00:00.000Z
298,175136,2018-02-01T00:00:00.000Z
299,141588,2016-12-18T00:00:00.000Z
300,165216,2017-10-11T00:00:00.000Z
301,199790,2018-10-26T00:00:00.000Z
302,167992,2017-11-08T00:00:00.000Z
303,186618,2018-05-04T00:00:00.000Z
304,164950,2017-10-07T00:00:00.000Z
305,184940,2018-04-20T00:00:00.000Z
306,137470,2016-11-11T00:00:00.000Z
307,170688,2017-12-01T00:00:00.000Z
308,195478,2018-08-18T00:00:00.000Z
309,180474,2018-03-15T00:00:00.000Z
310,166568,2017-10-25T00:00:00.000Z
311,147802,2017-03-02T00:00:00.000Z
312,180344,2018-03-14T00:00:00.000Z
313,137558,2016-11-12T00:00:00.000Z
314,167446,2017-11-02T00:00:00.000Z
315,184942,2018-04-20T00:00:00.000Z
316,167556,2017-11-02T00:00:00.000Z
317,170510,2017-11-30T00:00:00.000Z
318,152684,2017-05-11T00:00:00.000Z
319,167188,2017-10-31T00:00:00.000Z
320,169172,2017-11-18T00:00:00.000Z
321,167304,2017-11-01T00:00:00.000Z
322,145684,2017-02-02T00:00:00.000Z
323,200568,2018-11-08T00:00:00.000Z
324,212412,2019-06-19T00:00:00.000Z
325,216066,2019-09-04T00:00:00.000Z
326,167982,2017-11-08T00:00:00.000Z
327,167316,2017-11-01T00:00:00.000Z
328,168388,2017-11-11T00:00:00.000Z
329,172926,2017-12-27T00:00:00.000Z
330,168864,2017-11-16T00:00:00.000Z
331,168704,2017-11-15T00:00:00.000Z
332,196914,2018-09-13T00:00:00.000Z
333,144458,2017-01-26T00:00:00.000Z
334,182984,2018-04-05T00:00:00.000Z
335,177422,2018-02-17T00:00:00.000Z
336,190656,2018-06-20T00:00:00.000Z
337,181418,2018-03-21T00:00:00.000Z
338,212084,2019-06-09T00:00:00.000Z
339,134238,2016-10-09T00:00:00.000Z
340,133606,2016-10-02T00:00:00.000Z
341,211668,2019-06-01T00:00:00.000Z
342,195092,2018-08-14T00:00:00.000Z
343,148092,2017-03-09T00:00:00.000Z
344,205582,2019-02-12T00:00:00.000Z
345,190820,2018-06-21T00:00:00.000Z
346,169556,2017-11-22T00:00:00.000Z
347,162182,2017-09-06T00:00:00.000Z
348,178068,2018-02-27T00:00:00.000Z
349,152516,2017-05-06T00:00:00.000Z
350,135604,2016-10-22T00:00:00.000Z
351,178184,2018-02-28T00:00:00.000Z
352,162220,2017-09-06T00:00:00.000Z
353,191376,2018-06-27T00:00:00.000Z
354,192642,2018-07-11T00:00:00.000Z
355,147588,2017-02-28T00:00:00.000Z
356,150890,2017-04-12T00:00:00.000Z
357,191542,2018-06-28T00:00:00.000Z
358,167056,2017-10-28T00:00:00.000Z
359,175900,2018-02-07T00:00:00.000Z
360,151834,2017-04-25T00:00:00.000Z
361,158152,2017-07-21T00:00:00.000Z
362,190934,2018-06-22T00:00:00.000Z
363,122386,2016-06-04T00:00:00.000Z
364,163890,2017-09-23T00:00:00.000Z
365,126498,2016-07-21T00:00:00.000Z
366,171558,2017-12-09T00:00:00.000Z
367,191546,2018-06-28T00:00:00.000Z
368,196432,2018-09-05T00:00:00.000Z
369,136352,2016-10-30T00:00:00.000Z
370,168666,2017-11-15T00:00:00.000Z
371,209764,2019-04-24T00:00:00.000Z
372,189908,2018-06-09T00:00:00.000Z
373,172050,2017-12-15T00:00:00.000Z
374,175918,2018-02-07T00:00:00.000Z
375,171532,2017-12-09T00:00:00.000Z
376,182272,2018-03-28T00:00:00.000Z
377,191078,2018-06-23T00:00:00.000Z
378,204748,2019-01-29T00:00:00.000Z
379,178028,2018-02-27T00:00:00.000Z
380,148104,2017-03-09T00:00:00.000Z
381,171516,2017-12-09T00:00:00.000Z
382,180202,2018-03-14T00:00:00.000Z
383,124618,2016-07-01T00:00:00.000Z
384,150516,2017-04-07T00:00:00.000Z
385,172656,2017-12-22T00:00:00.000Z
386,174030,2018-01-18T00:00:00.000Z
387,180024,2018-03-13T00:00:00.000Z
388,174196,2018-01-19T00:00:00.000Z
389,156396,2017-06-27T00:00:00.000Z
390,202124,2018-12-01T00:00:00.000Z
391,170268,2017-11-29T00:00:00.000Z
392,176726,2018-02-14T00:00:00.000Z
393,177150,2018-02-16T00:00:00.000Z
394,176102,2018-02-08T00:00:00.000Z
395,182086,2018-03-27T00:00:00.000Z
396,175570,2018-02-06T00:00:00.000Z
397,176162,2018-02-08T00:00:00.000Z
398,124140,2016-06-25T00:00:00.000Z
399,213648,2019-07-13T00:00:00.000Z
400,192948,2018-07-13T00:00:00.000Z
401,177236,2018-02-16T00:00:00.000Z
402,179448,2018-03-09T00:00:00.000Z
403,177556,2018-02-17T00:00:00.000Z
404,176932,2018-02-15T00:00:00.000Z
405,176852,2018-02-15T00:00:00.000Z
406,166056,2017-10-19T00:00:00.000Z
407,176402,2018-02-09T00:00:00.000Z
408,197998,2018-09-27T00:00:00.000Z
409,177036,2018-02-15T00:00:00.000Z
410,178606,2018-03-02T00:00:00.000Z
411,177334,2018-02-17T00:00:00.000Z
412,188812,2018-05-26T00:00:00.000Z
413,199482,2018-10-20T00:00:00.000Z
414,181094,2018-03-17T00:00:00.000Z
415,177502,2018-02-17T00:00:00.000Z
416,190368,2018-06-16T00:00:00.000Z
417,177514,2018-02-17T00:00:00.000Z
418,180578,2018-03-15T00:00:00.000Z
419,176882,2018-02-15T00:00:00.000Z
420,189812,2018-06-08T00:00:00.000Z
421,192956,2018-07-13T00:00:00.000Z
422,168792,2017-11-16T00:00:00.000Z
423,177730,2018-02-21T00:00:00.000Z
424,171170,2017-12-07T00:00:00.000Z
425,178656,2018-03-02T00:00:00.000Z
426,216406,2019-09-11T00:00:00.000Z
427,161064,2017-08-25T00:00:00.000Z
428,165568,2017-10-14T00:00:00.000Z
429,180762,2018-03-16T00:00:00.000Z
430,146160,2017-02-09T00:00:00.000Z
431,144396,2017-01-26T00:00:00.000Z
432,178612,2018-03-02T00:00:00.000Z
433,177756,2018-02-21T00:00:00.000Z
434,178672,2018-03-02T00:00:00.000Z
435,178912,2018-03-03T00:00:00.000Z
436,223492,2020-03-01T00:00:00.000Z
437,178738,2018-03-02T00:00:00.000Z
438,178788,2018-03-02T00:00:00.000Z
439,179078,2018-03-06T00:00:00.000Z
440,175840,2018-02-06T00:00:00.000Z
441,181648,2018-03-22T00:00:00.000Z
442,179108,2018-03-06T00:00:00.000Z
443,137142,2016-11-09T00:00:00.000Z
444,180078,2018-03-13T00:00:00.000Z
445,180800,2018-03-16T00:00:00.000Z
446,179132,2018-03-06T00:00:00.000Z
447,179158,2018-03-06T00:00:00.000Z
448,139562,2016-12-02T00:00:00.000Z
449,180098,2018-03-13T00:00:00.000Z
450,178254,2018-02-28T00:00:00.000Z
451,177972,2018-02-23T00:00:00.000Z
452,179592,2018-03-09T00:00:00.000Z
453,204696,2019-01-29T00:00:00.000Z
454,123406,2016-06-17T00:00:00.000Z
455,180342,2018-03-14T00:00:00.000Z
456,177620,2018-02-20T00:00:00.000Z
457,181704,2018-03-23T00:00:00.000Z
458,188418,2018-05-23T00:00:00.000Z
459,144442,2017-01-26T00:00:00.000Z
460,197496,2018-09-19T00:00:00.000Z
461,215434,2019-08-21T00:00:00.000Z
462,180864,2018-03-16T00:00:00.000Z
463,187988,2018-05-19T00:00:00.000Z
464,184328,2018-04-17T00:00:00.000Z
465,180914,2018-03-17T00:00:00.000Z
466,167456,2017-11-02T00:00:00.000Z
467,181220,2018-03-20T00:00:00.000Z
468,180504,2018-03-15T00:00:00.000Z
469,181732,2018-03-23T00:00:00.000Z
470,190320,2018-06-15T00:00:00.000Z
471,181896,2018-03-24T00:00:00.000Z
472,190564,2018-06-19T00:00:00.000Z
473,184548,2018-04-18T00:00:00.000Z
474,182758,2018-04-03T00:00:00.000Z
475,190518,2018-06-19T00:00:00.000Z
476,184752,2018-04-19T00:00:00.000Z
477,185984,2018-04-27T00:00:00.000Z
478,146248,2017-02-10T00:00:00.000Z
479,144008,2017-01-21T00:00:00.000Z
480,182054,2018-03-27T00:00:00.000Z
481,166008,2017-10-19T00:00:00.000Z
482,141590,2016-12-18T00:00:00.000Z
483,185388,2018-04-21T00:00:00.000Z
484,183658,2018-04-11T00:00:00.000Z
485,191940,2018-07-03T00:00:00.000Z
486,184210,2018-04-14T00:00:00.000Z
487,157558,2017-07-13T00:00:00.000Z
488,192794,2018-07-12T00:00:00.000Z
489,183944,2018-04-13T00:00:00.000Z
490,148966,2017-03-18T00:00:00.000Z
491,183172,2018-04-06T00:00:00.000Z
492,178152,2018-02-28T00:00:00.000Z
493,224346,2020-03-01T00:00:00.000Z
494,143200,2017-01-15T00:00:00.000Z
495,184350,2018-04-17T00:00:00.000Z
496,124554,2016-07-01T00:00:00.000Z
497,184588,2018-04-18T00:00:00.000Z
498,182170,2018-03-28T00:00:00.000Z
499,184840,2018-04-19T00:00:00.000Z
500,184856,2018-04-19T00:00:00.000Z
501,168532,2017-11-14T00:00:00.000Z
502,206772,2019-03-01T00:00:00.000Z
503,197796,2018-09-25T00:00:00.000Z
504,171162,2017-12-07T00:00:00.000Z
505,181758,2018-03-23T00:00:00.000Z
506,191424,2018-06-28T00:00:00.000Z
507,185190,2018-04-21T00:00:00.000Z
508,185494,2018-04-24T00:00:00.000Z
509,163346,2017-09-17T00:00:00.000Z
510,186320,2018-05-02T00:00:00.000Z
511,198644,2018-10-06T00:00:00.000Z
512,195174,2018-08-15T00:00:00.000Z
513,207210,2019-03-13T00:00:00.000Z
514,136184,2016-10-29T00:00:00.000Z
515,222752,2020-01-23T00:00:00.000Z
516,144312,2017-01-25T00:00:00.000Z
517,170582,2017-12-01T00:00:00.000Z
518,209044,2019-04-10T00:00:00.000Z
519,192492,2018-07-10T00:00:00.000Z
520,148080,2017-03-09T00:00:00.000Z
521,153900,2017-05-26T00:00:00.000Z
522,215782,2019-08-28T00:00:00.000Z
523,185586,2018-04-24T00:00:00.000Z
524,169738,2017-11-23T00:00:00.000Z
525,221406,2019-12-06T00:00:00.000Z
526,187744,2018-05-18T00:00:00.000Z
527,145124,2017-01-29T00:00:00.000Z
528,187666,2018-05-17T00:00:00.000Z
529,173948,2018-01-17T00:00:00.000Z
530,157680,2017-07-15T00:00:00.000Z
531,153384,2017-05-20T00:00:00.000Z
532,122846,2016-06-09T00:00:00.000Z
533,168512,2017-11-14T00:00:00.000Z
534,179536,2018-03-09T00:00:00.000Z
535,195220,2018-08-16T00:00:00.000Z
536,182120,2018-03-28T00:00:00.000Z
537,169422,2017-11-21T00:00:00.000Z
538,198318,2018-10-02T00:00:00.000Z
539,192038,2018-07-04T00:00:00.000Z
540,180822,2018-03-16T00:00:00.000Z
541,188284,2018-05-22T00:00:00.000Z
542,166204,2017-10-20T00:00:00.000Z
543,173692,2018-01-13T00:00:00.000Z
544,149718,2017-03-29T00:00:00.000Z
545,188328,2018-05-23T00:00:00.000Z
546,142488,2017-01-11T00:00:00.000Z
547,173680,2018-01-13T00:00:00.000Z
548,182362,2018-03-29T00:00:00.000Z
549,221652,2019-12-13T00:00:00.000Z
550,121674,2016-05-26T00:00:00.000Z
551,122270,2016-06-03T00:00:00.000Z
552,150062,2017-04-01T00:00:00.000Z
553,221948,2019-12-20T00:00:00.000Z
554,184764,2018-04-19T00:00:00.000Z
555,128368,2016-08-07T00:00:00.000Z
556,202792,2018-12-13T00:00:00.000Z
557,164682,2017-10-05T00:00:00.000Z
558,200126,2018-10-31T00:00:00.000Z
559,152780,2017-05-12T00:00:00.000Z
560,175166,2018-02-01T00:00:00.000Z
561,129654,2016-08-21T00:00:00.000Z
562,206484,2019-02-27T00:00:00.000Z
563,197400,2018-09-19T00:00:00.000Z
564,202706,2018-12-12T00:00:00.000Z
565,208228,2019-03-27T00:00:00.000Z
566,185228,2018-04-21T00:00:00.000Z
567,170966,2017-12-05T00:00:00.000Z
568,185832,2018-04-26T00:00:00.000Z
569,139906,2016-12-03T00:00:00.000Z
570,205034,2019-02-02T00:00:00.000Z
571,174512,2018-01-24T00:00:00.000Z
572,153646,2017-05-24T00:00:00.000Z
573,208456,2019-03-30T00:00:00.000Z
574,152910,2017-05-13T00:00:00.000Z
575,197286,2018-09-18T00:00:00.000Z
576,203626,2019-01-10T00:00:00.000Z
577,192340,2018-07-06T00:00:00.000Z
578,193318,2018-07-18T00:00:00.000Z
579,188624,2018-05-25T00:00:00.000Z
580,203802,2019-01-15T00:00:00.000Z
581,192208,2018-07-05T00:00:00.000Z
582,191846,2018-07-03T00:00:00.000Z
583,158874,2017-08-01T00:00:00.000Z
584,183274,2018-04-07T00:00:00.000Z
585,169622,2017-11-22T00:00:00.000Z
586,166842,2017-10-27T00:00:00.000Z
587,192410,2018-07-07T00:00:00.000Z
588,138492,2016-11-20T00:00:00.000Z
589,166188,2017-10-20T00:00:00.000Z
590,186342,2018-05-02T00:00:00.000Z
591,183654,2018-04-11T00:00:00.000Z
592,148970,2017-03-18T00:00:00.000Z
593,209184,2019-04-12T00:00:00.000Z
594,193462,2018-07-19T00:00:00.000Z
595,173488,2018-01-11T00:00:00.000Z
596,193444,2018-07-19T00:00:00.000Z
597,142614,2017-01-12T00:00:00.000Z
598,193706,2018-07-21T00:00:00.000Z
599,163144,2017-09-15T00:00:00.000Z
600,207066,2019-03-07T00:00:00.000Z
601,156394,2017-06-27T00:00:00.000Z
602,189494,2018-06-05T00:00:00.000Z
603,156456,2017-06-28T00:00:00.000Z
604,184450,2018-04-18T00:00:00.000Z
605,187912,2018-05-19T00:00:00.000Z
606,172878,2017-12-26T00:00:00.000Z
607,128426,2016-08-07T00:00:00.000Z
608,181944,2018-03-24T00:00:00.000Z
609,186304,2018-05-02T00:00:00.000Z
610,178494,2018-03-01T00:00:00.000Z
611,176504,2018-02-10T00:00:00.000Z
612,195204,2018-08-15T00:00:00.000Z
613,163696,2017-09-21T00:00:00.000Z
614,174958,2018-01-30T00:00:00.000Z
615,189320,2018-06-02T00:00:00.000Z
616,207000,2019-03-06T00:00:00.000Z
617,135122,2016-10-19T00:00:00.000Z
618,178808,2018-03-03T00:00:00.000Z
619,122416,2016-06-04T00:00:00.000Z
620,185066,2018-04-20T00:00:00.000Z
621,160306,2017-08-16T00:00:00.000Z
622,182856,2018-04-04T00:00:00.000Z
623,159578,2017-08-10T00:00:00.000Z
624,204864,2019-01-31T00:00:00.000Z
625,182606,2018-03-31T00:00:00.000Z
626,203958,2019-01-17T00:00:00.000Z
627,227468,2020-04-27T00:00:00.000Z
628,160290,2017-08-16T00:00:00.000Z
629,164300,2017-09-29T00:00:00.000Z
630,162160,2017-09-05T00:00:00.000Z
631,146070,2017-02-08T00:00:00.000Z
632,152954,2017-05-13T00:00:00.000Z
633,181618,2018-03-22T00:00:00.000Z
634,148508,2017-03-14T00:00:00.000Z
635,193036,2018-07-13T00:00:00.000Z
636,145706,2017-02-03T00:00:00.000Z
637,202600,2018-12-11T00:00:00.000Z
638,129460,2016-08-20T00:00:00.000Z
639,221956,2019-12-21T00:00:00.000Z
640,178226,2018-02-28T00:00:00.000Z
641,196230,2018-08-31T00:00:00.000Z
642,165186,2017-10-11T00:00:00.000Z
643,173512,2018-01-11T00:00:00.000Z
644,158924,2017-08-02T00:00:00.000Z
645,220998,2019-11-28T00:00:00.000Z
646,121116,2016-05-19T00:00:00.000Z
647,209648,2019-04-20T00:00:00.000Z
648,191898,2018-07-03T00:00:00.000Z
649,197952,2018-09-27T00:00:00.000Z
650,182658,2018-03-31T00:00:00.000Z
651,206304,2019-02-21T00:00:00.000Z
652,161234,2017-08-26T00:00:00.000Z
653,155816,2017-06-17T00:00:00.000Z
654,179826,2018-03-10T00:00:00.000Z
655,195384,2018-08-17T00:00:00.000Z
656,196176,2018-08-30T00:00:00.000Z
657,200936,2018-11-14T00:00:00.000Z
658,196580,2018-09-07T00:00:00.000Z
659,193296,2018-07-18T00:00:00.000Z
660,187518,2018-05-17T00:00:00.000Z
661,179070,2018-03-06T00:00:00.000Z
662,127624,2016-07-30T00:00:00.000Z
663,204684,2019-01-29T00:00:00.000Z
664,161518,2017-08-30T00:00:00.000Z
665,201780,2018-11-27T00:00:00.000Z
666,133578,2016-10-02T00:00:00.000Z
667,200678,2018-11-09T00:00:00.000Z
668,136980,2016-11-06T00:00:00.000Z
669,200632,2018-11-09T00:00:00.000Z
670,148488,2017-03-14T00:00:00.000Z
671,161576,2017-08-30T00:00:00.000Z
672,200708,2018-11-10T00:00:00.000Z
673,179884,2018-03-10T00:00:00.000Z
674,186374,2018-05-02T00:00:00.000Z
675,188380,2018-05-23T00:00:00.000Z
676,151654,2017-04-21T00:00:00.000Z
677,195710,2018-08-23T00:00:00.000Z
678,202006,2018-11-29T00:00:00.000Z
679,150488,2017-04-07T00:00:00.000Z
680,189136,2018-05-31T00:00:00.000Z
681,160756,2017-08-22T00:00:00.000Z
682,186290,2018-05-02T00:00:00.000Z
683,196118,2018-08-30T00:00:00.000Z
684,161218,2017-08-26T00:00:00.000Z
685,144414,2017-01-26T00:00:00.000Z
686,206746,2019-03-01T00:00:00.000Z
687,202024,2018-11-30T00:00:00.000Z
688,204376,2019-01-23T00:00:00.000Z
689,189900,2018-06-09T00:00:00.000Z
690,147334,2017-02-25T00:00:00.000Z
691,134522,2016-10-13T00:00:00.000Z
692,203042,2018-12-18T00:00:00.000Z
693,206478,2019-02-26T00:00:00.000Z
694,141584,2016-12-18T00:00:00.000Z
695,204008,2019-01-18T00:00:00.000Z
696,195026,2018-08-14T00:00:00.000Z
697,204580,2019-01-25T00:00:00.000Z
698,198796,2018-10-10T00:00:00.000Z
699,178522,2018-03-02T00:00:00.000Z
700,186272,2018-05-02T00:00:00.000Z
701,197276,2018-09-18T00:00:00.000Z
702,181998,2018-03-27T00:00:00.000Z
703,164358,2017-09-30T00:00:00.000Z
704,137942,2016-11-17T00:00:00.000Z
705,199386,2018-10-19T00:00:00.000Z
706,203416,2018-12-26T00:00:00.000Z
707,190874,2018-06-22T00:00:00.000Z
708,203020,2018-12-18T00:00:00.000Z
709,205592,2019-02-12T00:00:00.000Z
710,224870,2020-03-12T00:00:00.000Z
711,191342,2018-06-27T00:00:00.000Z
712,176848,2018-02-15T00:00:00.000Z
713,205854,2019-02-14T00:00:00.000Z
714,154662,2017-06-02T00:00:00.000Z
715,205658,2019-02-13T00:00:00.000Z
716,207786,2019-03-19T00:00:00.000Z
717,187954,2018-05-19T00:00:00.000Z
718,216596,2019-09-14T00:00:00.000Z
719,216316,2019-09-10T00:00:00.000Z
720,169320,2017-11-21T00:00:00.000Z
721,162398,2017-09-07T00:00:00.000Z
722,178634,2018-03-02T00:00:00.000Z
723,182780,2018-04-03T00:00:00.000Z
724,146898,2017-02-18T00:00:00.000Z
725,216936,2019-09-24T00:00:00.000Z
726,153846,2017-05-26T00:00:00.000Z
727,130372,2016-08-28T00:00:00.000Z
728,202878,2018-12-14T00:00:00.000Z
729,207076,2019-03-09T00:00:00.000Z
730,203418,2018-12-26T00:00:00.000Z
731,205362,2019-02-08T00:00:00.000Z
732,208174,2019-03-27T00:00:00.000Z
733,140356,2016-12-08T00:00:00.000Z
734,207586,2019-03-15T00:00:00.000Z
735,183768,2018-04-12T00:00:00.000Z
736,185630,2018-04-25T00:00:00.000Z
737,227640,2020-04-27T00:00:00.000Z
738,198528,2018-10-05T00:00:00.000Z
739,154988,2017-06-07T00:00:00.000Z
740,170214,2017-11-28T00:00:00.000Z
741,142090,2016-12-25T00:00:00.000Z
742,125946,2016-07-15T00:00:00.000Z
743,135490,2016-10-21T00:00:00.000Z
744,214868,2019-08-08T00:00:00.000Z
745,168368,2017-11-11T00:00:00.000Z
746,192496,2018-07-10T00:00:00.000Z
747,208966,2019-04-09T00:00:00.000Z
748,157824,2017-07-19T00:00:00.000Z
749,216296,2019-09-10T00:00:00.000Z
750,209294,2019-04-15T00:00:00.000Z
751,208180,2019-03-27T00:00:00.000Z
752,213580,2019-07-12T00:00:00.000Z
753,153626,2017-05-24T00:00:00.000Z
754,208666,2019-04-04T00:00:00.000Z
755,184494,2018-04-18T00:00:00.000Z
756,224348,2020-02-27T00:00:00.000Z
757,179196,2018-03-06T00:00:00.000Z
758,129204,2016-08-17T00:00:00.000Z
759,196936,2018-09-13T00:00:00.000Z
760,165530,2017-10-13T00:00:00.000Z
761,169662,2017-11-23T00:00:00.000Z
762,121566,2016-05-25T00:00:00.000Z
763,221610,2019-12-12T00:00:00.000Z
764,209518,2019-04-18T00:00:00.000Z
765,206174,2019-02-20T00:00:00.000Z
766,127676,2016-07-30T00:00:00.000Z
767,175948,2018-02-07T00:00:00.000Z
768,150546,2017-04-07T00:00:00.000Z
769,169044,2017-11-17T00:00:00.000Z
770,150418,2017-04-06T00:00:00.000Z
771,153218,2017-05-18T00:00:00.000Z
772,187672,2018-05-17T00:00:00.000Z
773,213518,2019-07-11T00:00:00.000Z
774,211392,2019-05-29T00:00:00.000Z
775,209704,2019-04-23T00:00:00.000Z
776,147252,2017-02-24T00:00:00.000Z
777,123596,2016-06-18T00:00:00.000Z
778,152890,2017-05-13T00:00:00.000Z
779,195504,2018-08-18T00:00:00.000Z
780,187646,2018-05-17T00:00:00.000Z
781,125870,2016-07-14T00:00:00.000Z
782,190098,2018-06-14T00:00:00.000Z
783,135952,2016-10-27T00:00:00.000Z
784,166522,2017-10-25T00:00:00.000Z
785,212020,2019-06-08T00:00:00.000Z
786,173990,2018-01-18T00:00:00.000Z
787,172070,2017-12-15T00:00:00.000Z
788,173802,2018-01-16T00:00:00.000Z
789,212884,2019-06-28T00:00:00.000Z
790,212604,2019-06-22T00:00:00.000Z
791,212810,2019-06-27T00:00:00.000Z
792,209738,2019-04-24T00:00:00.000Z
793,195322,2018-08-16T00:00:00.000Z
794,224448,2020-04-06T00:00:00.000Z
795,212264,2019-06-15T00:00:00.000Z
796,163576,2017-09-20T00:00:00.000Z
797,194182,2018-07-31T00:00:00.000Z
798,211268,2019-05-25T00:00:00.000Z
799,210030,2019-04-27T00:00:00.000Z
800,209962,2019-04-26T00:00:00.000Z
801,210006,2019-04-27T00:00:00.000Z
802,209914,2019-04-25T00:00:00.000Z
803,210034,2019-04-27T00:00:00.000Z
804,212910,2019-06-29T00:00:00.000Z
805,212684,2019-06-25T00:00:00.000Z
806,212350,2019-06-18T00:00:00.000Z
807,212700,2019-06-25T00:00:00.000Z
808,171832,2017-12-13T00:00:00.000Z
809,133000,2016-09-28T00:00:00.000Z
810,182734,2018-04-03T00:00:00.000Z
811,204384,2019-01-23T00:00:00.000Z
812,212328,2019-06-18T00:00:00.000Z
813,158222,2017-07-22T00:00:00.000Z
814,188254,2018-05-22T00:00:00.000Z
815,215944,2019-08-31T00:00:00.000Z
816,210308,2019-05-08T00:00:00.000Z
817,210270,2019-05-07T00:00:00.000Z
818,210588,2019-05-15T00:00:00.000Z
819,210798,2019-05-17T00:00:00.000Z
820,138796,2016-11-24T00:00:00.000Z
821,189232,2018-06-01T00:00:00.000Z
822,210998,2019-05-22T00:00:00.000Z
823,211074,2019-05-23T00:00:00.000Z
824,209024,2019-04-10T00:00:00.000Z
825,166694,2017-10-25T00:00:00.000Z
826,174730,2018-01-26T00:00:00.000Z
827,123858,2016-06-22T00:00:00.000Z
828,213252,2019-07-05T00:00:00.000Z
829,160948,2017-08-23T00:00:00.000Z
830,167468,2017-11-02T00:00:00.000Z
831,213226,2019-07-05T00:00:00.000Z
832,216506,2019-09-13T00:00:00.000Z
833,150298,2017-04-05T00:00:00.000Z
834,163168,2017-09-15T00:00:00.000Z
835,148360,2017-03-11T00:00:00.000Z
836,213314,2019-07-06T00:00:00.000Z
837,224946,2020-03-07T00:00:00.000Z
838,193228,2018-07-17T00:00:00.000Z
839,209110,2019-04-11T00:00:00.000Z
840,183264,2018-04-06T00:00:00.000Z
841,215900,2019-08-30T00:00:00.000Z
842,186024,2018-04-27T00:00:00.000Z
843,199206,2018-10-17T00:00:00.000Z
844,210086,2019-04-28T00:00:00.000Z
845,141638,2016-12-18T00:00:00.000Z
846,211696,2019-06-01T00:00:00.000Z
847,181958,2018-03-24T00:00:00.000Z
848,170212,2017-11-28T00:00:00.000Z
849,168324,2017-11-11T00:00:00.000Z
850,194314,2018-08-01T00:00:00.000Z
851,216924,2019-09-24T00:00:00.000Z
852,214344,2019-07-30T00:00:00.000Z
853,182910,2018-04-04T00:00:00.000Z
854,213210,2019-07-05T00:00:00.000Z
855,177566,2018-02-17T00:00:00.000Z
856,148320,2017-03-11T00:00:00.000Z
857,215698,2019-08-27T00:00:00.000Z
858,217014,2019-09-25T00:00:00.000Z
859,174168,2018-01-19T00:00:00.000Z
860,215656,2019-08-27T00:00:00.000Z
861,196138,2018-08-30T00:00:00.000Z
862,168902,2017-11-16T00:00:00.000Z
863,182824,2018-04-04T00:00:00.000Z
864,216396,2019-09-11T00:00:00.000Z
865,215158,2019-08-15T00:00:00.000Z
866,215042,2019-08-13T00:00:00.000Z
867,192114,2018-07-05T00:00:00.000Z
868,215006,2019-08-10T00:00:00.000Z
869,171496,2017-12-09T00:00:00.000Z
870,214984,2019-08-10T00:00:00.000Z
871,221980,2019-12-21T00:00:00.000Z
872,214510,2019-08-01T00:00:00.000Z
873,214682,2019-08-06T00:00:00.000Z
874,163636,2017-09-21T00:00:00.000Z
875,161522,2017-08-30T00:00:00.000Z
876,172506,2017-12-20T00:00:00.000Z
877,147148,2017-02-20T00:00:00.000Z
878,223752,2020-03-07T00:00:00.000Z
879,179116,2018-03-06T00:00:00.000Z
880,224330,2020-02-22T00:00:00.000Z
881,208614,2019-04-03T00:00:00.000Z
882,205104,2019-02-05T00:00:00.000Z
883,201398,2018-11-21T00:00:00.000Z
884,184226,2018-04-15T00:00:00.000Z
885,130362,2016-08-28T00:00:00.000Z
886,221102,2019-11-30T00:00:00.000Z
887,217214,2019-09-28T00:00:00.000Z
888,209226,2019-04-13T00:00:00.000Z
889,203406,2018-12-26T00:00:00.000Z
890,217124,2019-09-26T00:00:00.000Z
891,217226,2019-09-28T00:00:00.000Z
892,152796,2017-05-12T00:00:00.000Z
893,214000,2019-07-23T00:00:00.000Z
894,207842,2019-03-20T00:00:00.000Z
895,187900,2018-05-18T00:00:00.000Z
896,153018,2017-05-16T00:00:00.000Z
897,217620,2019-10-08T00:00:00.000Z
898,221682,2019-12-13T00:00:00.000Z
899,139900,2016-12-03T00:00:00.000Z
900,224242,2020-03-14T00:00:00.000Z
901,216442,2019-09-12T00:00:00.000Z
902,217208,2019-09-28T00:00:00.000Z
903,138080,2016-11-18T00:00:00.000Z
904,212170,2019-06-14T00:00:00.000Z
905,202324,2018-12-06T00:00:00.000Z
906,204186,2019-01-19T00:00:00.000Z
907,166598,2017-10-25T00:00:00.000Z
908,193450,2018-07-19T00:00:00.000Z
909,176080,2018-02-08T00:00:00.000Z
910,188848,2018-05-29T00:00:00.000Z
911,160044,2017-08-15T00:00:00.000Z
912,168914,2017-11-17T00:00:00.000Z
913,148634,2017-03-15T00:00:00.000Z
914,222160,2019-12-27T00:00:00.000Z
915,198714,2018-10-09T00:00:00.000Z
916,216904,2019-09-21T00:00:00.000Z
917,205080,2019-02-05T00:00:00.000Z
918,134812,2016-10-15T00:00:00.000Z
919,194796,2018-08-09T00:00:00.000Z
920,221266,2019-12-04T00:00:00.000Z
921,218032,2019-10-15T00:00:00.000Z
922,143718,2017-01-19T00:00:00.000Z
923,221428,2019-12-07T00:00:00.000Z
924,221380,2019-12-06T00:00:00.000Z
925,221824,2019-12-18T00:00:00.000Z
926,220346,2019-11-16T00:00:00.000Z
927,222052,2019-12-25T00:00:00.000Z
928,217994,2019-10-12T00:00:00.000Z
929,148436,2017-03-14T00:00:00.000Z
930,221254,2019-12-04T00:00:00.000Z
931,140630,2016-12-10T00:00:00.000Z
932,218196,2019-10-16T00:00:00.000Z
933,218586,2019-10-22T00:00:00.000Z
934,218690,2019-10-23T00:00:00.000Z
935,166042,2017-10-19T00:00:00.000Z
936,162454,2017-09-07T00:00:00.000Z
937,218292,2019-10-17T00:00:00.000Z
938,169768,2017-11-23T00:00:00.000Z
939,184504,2018-04-18T00:00:00.000Z
940,181948,2018-03-24T00:00:00.000Z
941,137040,2016-11-07T00:00:00.000Z
942,209980,2019-04-26T00:00:00.000Z
943,221122,2019-12-02T00:00:00.000Z
944,207660,2019-03-16T00:00:00.000Z
945,171772,2017-12-13T00:00:00.000Z
946,194298,2018-08-01T00:00:00.000Z
947,152164,2017-04-28T00:00:00.000Z
948,223012,2020-01-30T00:00:00.000Z
949,189040,2018-05-30T00:00:00.000Z
950,221090,2019-11-30T00:00:00.000Z
951,209446,2019-04-17T00:00:00.000Z
952,222888,2020-02-15T00:00:00.000Z
953,222466,2020-01-25T00:00:00.000Z
954,132452,2016-09-22T00:00:00.000Z
955,222982,2020-02-16T00:00:00.000Z
956,172010,2017-12-14T00:00:00.000Z
957,223178,2020-02-08T00:00:00.000Z
958,222732,2020-01-19T00:00:00.000Z
959,206962,2019-03-06T00:00:00.000Z
960,221134,2019-12-03T00:00:00.000Z
961,223096,2020-01-25T00:00:00.000Z
962,151838,2017-04-25T00:00:00.000Z
963,170520,2017-11-30T00:00:00.000Z
964,177938,2018-02-22T00:00:00.000Z
965,188210,2018-05-22T00:00:00.000Z
966,222834,2020-01-26T00:00:00.000Z
967,204262,2019-01-22T00:00:00.000Z
968,131760,2016-09-14T00:00:00.000Z
969,162666,2017-09-09T00:00:00.000Z
970,160304,2017-08-16T00:00:00.000Z
971,202390,2018-12-07T00:00:00.000Z
972,125054,2016-07-07T00:00:00.000Z
973,219114,2019-10-25T00:00:00.000Z
974,219136,2019-10-25T00:00:00.000Z
975,219798,2019-11-06T00:00:00.000Z
976,219772,2019-11-03T00:00:00.000Z
977,219166,2019-10-26T00:00:00.000Z
978,219448,2019-10-30T00:00:00.000Z
979,219568,2019-10-31T00:00:00.000Z
980,219480,2019-10-30T00:00:00.000Z
981,183786,2018-04-12T00:00:00.000Z
982,180942,2018-03-17T00:00:00.000Z
983,219736,2019-11-02T00:00:00.000Z
984,219722,2019-11-02T00:00:00.000Z
985,219754,2019-11-02T00:00:00.000Z
986,219608,2019-11-01T00:00:00.000Z
987,219638,2019-11-01T00:00:00.000Z
988,219746,2019-11-02T00:00:00.000Z
989,159416,2017-08-08T00:00:00.000Z
990,220012,2019-11-09T00:00:00.000Z
991,123936,2016-06-23T00:00:00.000Z
992,162754,2017-09-12T00:00:00.000Z
993,220142,2019-11-12T00:00:00.000Z
994,172428,2017-12-19T00:00:00.000Z
995,174338,2018-01-23T00:00:00.000Z
996,220330,2019-11-16T00:00:00.000Z
997,220408,2019-11-19T00:00:00.000Z
998,194098,2018-07-28T00:00:00.000Z
999,198462,2018-10-04T00:00:00.000Z
1000,220170,2019-11-13T00:00:00.000Z
1001,221734,2019-12-14T00:00:00.000Z
1002,179444,2018-03-09T00:00:00.000Z
1003,169288,2017-11-19T00:00:00.000Z
1004,220720,2019-11-23T00:00:00.000Z
1005,148516,2017-03-14T00:00:00.000Z
1006,179368,2018-03-07T00:00:00.000Z
1007,221858,2019-12-19T00:00:00.000Z
1008,224600,2020-03-07T00:00:00.000Z
1009,186700,2018-05-04T00:00:00.000Z
1010,193018,2018-07-13T00:00:00.000Z
1011,225122,2020-03-08T00:00:00.000Z
1012,185986,2018-04-27T00:00:00.000Z
1013,225192,2020-03-12T00:00:00.000Z
1014,225138,2020-03-12T00:00:00.000Z
1015,223070,2020-01-30T00:00:00.000Z
1016,212496,2019-06-20T00:00:00.000Z
1017,223394,2020-02-01T00:00:00.000Z
1018,223312,2020-01-31T00:00:00.000Z
1019,223024,2020-02-09T00:00:00.000Z
1020,223402,2020-02-02T00:00:00.000Z
1021,223116,2020-02-20T00:00:00.000Z
1022,223450,2020-02-02T00:00:00.000Z
1023,223420,2020-02-01T00:00:00.000Z
1024,223468,2020-02-05T00:00:00.000Z
1025,223398,2020-02-08T00:00:00.000Z
1026,223536,2020-02-05T00:00:00.000Z
1027,173950,2018-01-17T00:00:00.000Z
1028,223654,2020-02-07T00:00:00.000Z
1029,223614,2020-02-07T00:00:00.000Z
1030,223648,2020-02-16T00:00:00.000Z
1031,223692,2020-02-27T00:00:00.000Z
1032,223436,2020-02-07T00:00:00.000Z
1033,169148,2017-11-18T00:00:00.000Z
1034,171364,2017-12-08T00:00:00.000Z
1035,223754,2020-02-14T00:00:00.000Z
1036,223798,2020-03-01T00:00:00.000Z
1037,162118,2017-09-05T00:00:00.000Z
1038,223866,2020-02-14T00:00:00.000Z
1039,222632,2020-02-15T00:00:00.000Z
1040,185018,2018-04-20T00:00:00.000Z
1041,141670,2016-12-21T00:00:00.000Z
1042,224048,2020-02-22T00:00:00.000Z
1043,176664,2018-02-13T00:00:00.000Z
1044,224982,2020-03-05T00:00:00.000Z
1045,136406,2016-10-30T00:00:00.000Z
1046,224894,2020-03-13T00:00:00.000Z
1047,209436,2019-04-17T00:00:00.000Z
1048,225268,2020-03-13T00:00:00.000Z
1049,134380,2016-10-11T00:00:00.000Z
1050,188204,2018-05-22T00:00:00.000Z
1051,186274,2018-05-02T00:00:00.000Z
1052,166748,2017-10-26T00:00:00.000Z
1053,176018,2018-02-08T00:00:00.000Z
1054,171602,2017-12-09T00:00:00.000Z
1055,220434,2019-11-19T00:00:00.000Z
1056,149712,2017-03-29T00:00:00.000Z
1057,225332,2020-03-16T00:00:00.000Z
1058,160682,2017-08-19T00:00:00.000Z
1059,184644,2018-04-18T00:00:00.000Z
1060,176040,2018-02-08T00:00:00.000Z
1061,166944,2017-10-28T00:00:00.000Z
1062,225364,2020-03-15T00:00:00.000Z
1063,177328,2018-02-17T00:00:00.000Z
1064,224418,2020-03-27T00:00:00.000Z
1065,206414,2019-02-26T00:00:00.000Z
1066,213948,2019-07-20T00:00:00.000Z
1067,155672,2017-06-16T00:00:00.000Z
1068,224850,2020-03-15T00:00:00.000Z
1069,201732,2018-11-27T00:00:00.000Z
1070,225556,2020-03-21T00:00:00.000Z
1071,205806,2019-02-14T00:00:00.000Z
1072,225540,2020-03-21T00:00:00.000Z
1073,225516,2020-03-27T00:00:00.000Z
1074,225748,2020-03-21T00:00:00.000Z
1075,225776,2020-03-21T00:00:00.000Z
1076,225726,2020-03-21T00:00:00.000Z
1077,164568,2017-10-04T00:00:00.000Z
1078,157634,2017-07-14T00:00:00.000Z
1079,167424,2017-11-02T00:00:00.000Z
1080,200610,2018-11-08T00:00:00.000Z
1081,183352,2018-04-07T00:00:00.000Z
1082,163004,2017-09-13T00:00:00.000Z
1083,187594,2018-05-17T00:00:00.000Z
1084,161014,2017-08-24T00:00:00.000Z
1085,157770,2017-07-18T00:00:00.000Z
1086,217076,2019-09-26T00:00:00.000Z
1087,226316,2020-04-03T00:00:00.000Z
1088,225926,2020-03-26T00:00:00.000Z
1089,132840,2016-09-25T00:00:00.000Z
1090,185382,2018-04-21T00:00:00.000Z
1091,226930,2020-04-18T00:00:00.000Z
1092,152760,2017-05-12T00:00:00.000Z
1093,200928,2018-11-14T00:00:00.000Z
1094,212482,2019-06-20T00:00:00.000Z
1095,126690,2016-07-22T00:00:00.000Z
1096,226280,2020-04-13T00:00:00.000Z
1097,221322,2019-12-05T00:00:00.000Z
1098,128414,2016-08-07T00:00:00.000Z
1099,225634,2020-03-21T00:00:00.000Z
1100,203106,2018-12-19T00:00:00.000Z
1101,227448,2020-04-26T00:00:00.000Z
1102,185212,2018-04-21T00:00:00.000Z
1103,215026,2019-08-13T00:00:00.000Z
1104,226034,2020-03-30T00:00:00.000Z
1105,196436,2018-09-05T00:00:00.000Z
1106,225756,2020-03-28T00:00:00.000Z
1107,226076,2020-03-28T00:00:00.000Z
1108,224676,2020-03-28T00:00:00.000Z
1109,226006,2020-03-28T00:00:00.000Z
1110,226078,2020-03-29T00:00:00.000Z
1111,227624,2020-04-26T00:00:00.000Z
1112,226122,2020-03-30T00:00:00.000Z
1113,226024,2020-03-29T00:00:00.000Z
1114,226212,2020-03-30T00:00:00.000Z
1115,226204,2020-04-03T00:00:00.000Z
1116,210866,2019-05-18T00:00:00.000Z
1117,226300,2020-04-03T00:00:00.000Z
1118,226206,2020-03-30T00:00:00.000Z
1119,226414,2020-04-04T00:00:00.000Z
1120,131892,2016-09-15T00:00:00.000Z